record_id,record_type,stage_number,stage_name,title,description,relevance,scope,limitations,counterevidence,claim_type,confidence,evidence_weight,source_title,source_author_or_org,source_year,source_url_or_citation,source_type,method_area,related_question,related_capability_or_function,assumption_status,uncertainty_description,risk_level,bias_or_access_issue,ethical_issue,downstream_use,prohibited_overextension,related_record_ids,review_status,revision_trigger,notes
S2-A-SRC-001,source,2,Human Flourishing Model,"Basic psychological need theory: Advancements, critical themes, and future directions","Reviews evidence that satisfaction and frustration of autonomy, competence and relatedness show distinct associations with adjustment and ill-being across life domains; autonomy means volition rather than independence.",autonomy; competence; relatedness; well-being,autonomy; competence; relatedness; well-being,Theory-led review by leading SDT authors; much evidence is self-report and correlational; universality remains stronger as a hypothesis than as a culture-free measurement fact.,Other frameworks posit additional needs or different constructs; cultural work disputes individualist readings of autonomy and measurement equivalence is incomplete.,,Moderate,Anchor,"Basic psychological need theory: Advancements, critical themes, and future directions","Vansteenkiste, Maarten; Ryan, Richard M.; Soenens, Bart",2020,https://doi.org/10.1007/s11031-019-09818-1,integrative scholarly review,autonomy; competence; relatedness; well-being,What dimensions and conditions support flourishing?,,,,,,,Stage 2 synthesis only,"Do not claim three needs exhaust flourishing, have identical expression everywhere, or that offered choice proves autonomy.",,verified_included,,DOI: 10.1007/s11031-019-09818-1
S2-A-SRC-002,source,2,Human Flourishing Model,Student Motivation and Associated Outcomes: A Meta-Analysis From Self-Determination Theory,"Across educational studies, more autonomous forms of motivation are generally associated with adaptive persistence, performance and well-being outcomes, while amotivation is consistently maladaptive and controlled motivation has mixed associations.",agency; motivation; competence; education,agency; motivation; competence; education,Predominantly observational studies; construct and outcome heterogeneity; educational samples are not a general theory of flourishing; publication and common-method bias remain possible.,"Controlled motives can coexist with performance, and associations do not establish that increasing autonomous motivation alone causes all outcomes.",,Moderate,Anchor,Student Motivation and Associated Outcomes: A Meta-Analysis From Self-Determination Theory,"Howard, Joshua L.; Bureau, Julien S.; Guay, Frédéric; Chong, Jane X. Y.; Ryan, Richard M.",2021,https://doi.org/10.1177/1745691620966789,meta-analysis,agency; motivation; competence; education,What dimensions and conditions support flourishing?,,,,,,,Stage 2 synthesis only,"Do not equate autonomous motivation with unrestricted choice, compliance with endorsement, or academic performance with flourishing.",,verified_included,,DOI: 10.1177/1745691620966789
S2-A-SRC-003,source,2,Human Flourishing Model,Pathways to Student Motivation: A Meta-Analysis of Antecedents of Autonomous and Controlled Motivations,"Need satisfaction predicts more self-determined student motivation; competence was the strongest predictor in this synthesis, followed by autonomy and relatedness, and teacher autonomy support related more strongly than parental support to the included school outcomes.",competence; autonomy; relatedness; motivation,competence; autonomy; relatedness; motivation,Associational pathways dominate; studies and measures are heterogeneous; relative predictor rankings are model- and setting-dependent; school outcomes are narrower than flourishing.,"The broader SDT literature does not establish a fixed universal ranking among needs, and parent or community influence may be larger for outcomes not sampled here.",,Moderate,Anchor,Pathways to Student Motivation: A Meta-Analysis of Antecedents of Autonomous and Controlled Motivations,"Bureau, Julien S.; Howard, Joshua L.; Chong, Jane X. Y.; Guay, Frédéric",2022,https://doi.org/10.3102/00346543211042426,"meta-analysis (144 studies; >79,000 students)",competence; autonomy; relatedness; motivation,What dimensions and conditions support flourishing?,,,,,,,Stage 2 synthesis only,Do not turn the observed predictor ranking into a universal hierarchy or infer that competence should dominate other goods.,,verified_included,,DOI: 10.3102/00346543211042426
S2-A-SRC-004,source,2,Human Flourishing Model,The effects of choice on intrinsic motivation and related outcomes: A meta-analysis of research findings,"Providing choice has, on average, positive effects on intrinsic motivation, effort, task performance and perceived competence, with effects depending on the type and number of choices.",choice; agency; motivation,choice; agency; motivation,Substantial heterogeneity; many short laboratory studies; choice manipulations are not equivalent to durable agency or available opportunity.,"Choice can burden, confuse or be merely cosmetic; excessive or trivial choice does not reliably improve outcomes.",,Moderate,Anchor,The effects of choice on intrinsic motivation and related outcomes: A meta-analysis of research findings,"Patall, Erika A.; Cooper, Harris; Robinson, Jorgianne C.",2008,https://doi.org/10.1037/0033-2909.134.2.270,meta-analysis,choice; agency; motivation,What dimensions and conditions support flourishing?,,,,,,,Stage 2 synthesis only,"Do not claim more choice is always better, that choice equals autonomy, or that a menu of options establishes meaningful control.",,verified_included,,DOI: 10.1037/0033-2909.134.2.270
S2-A-SRC-005,source,2,Human Flourishing Model,Intrinsic motivation and extrinsic incentives jointly predict performance: A 40-year meta-analysis,"Intrinsic motivation and extrinsic incentives both predict performance; intrinsic motivation is more strongly related to performance quality, while incentives are more strongly related to performance quantity, and the two can jointly operate.",motivation; competence; performance,motivation; competence; performance,Performance is not flourishing; included settings and measures vary; correlational evidence is mixed with experiments and cannot resolve every causal pathway.,"External incentives are not uniformly harmful and may support quantity; intrinsic motivation is not sufficient for skilled performance without knowledge, opportunity and feedback.",,Moderate,Anchor,Intrinsic motivation and extrinsic incentives jointly predict performance: A 40-year meta-analysis,"Cerasoli, Christopher P.; Nicklin, Jessica M.; Ford, Michael T.",2014,https://doi.org/10.1037/a0035661,meta-analysis,motivation; competence; performance,What dimensions and conditions support flourishing?,,,,,,,Stage 2 synthesis only,Do not oppose all extrinsic motivation to well-being or infer that enjoyment alone produces competence.,,verified_included,,DOI: 10.1037/a0035661
S2-A-SRC-006,source,2,Human Flourishing Model,A meta-analytic investigation of the within-person self-efficacy domain: Is self-efficacy a product of past performance or a driver of future performance?,"Within persons, prior performance predicts later self-efficacy more strongly than self-efficacy predicts later performance once prior performance is considered, challenging simple confidence-causes-competence accounts.",competence beliefs; performance; counterevidence,competence beliefs; performance; counterevidence,Focused on self-efficacy and performance rather than broader competence need satisfaction or flourishing; designs and domains vary.,Between-person and experimental work can still find useful effects of efficacy beliefs under some conditions.,,Moderate,Anchor,A meta-analytic investigation of the within-person self-efficacy domain: Is self-efficacy a product of past performance or a driver of future performance?,"Sitzmann, Traci; Yeo, Gillian",2013,https://doi.org/10.1111/peps.12035,meta-analysis,competence beliefs; performance; counterevidence,What dimensions and conditions support flourishing?,,,,,,,Stage 2 synthesis only,"Do not treat confidence as competence, infer fixed ability from low confidence, or deny any causal role for efficacy beliefs.",,verified_included,,DOI: 10.1111/peps.12035
S2-A-SRC-007,source,2,Human Flourishing Model,Needs and subjective well-being around the world,"Using Gallup World Poll data, fulfilment of basic needs was associated with subjective well-being across world regions; societal circumstances and individual need fulfilment made distinguishable contributions, and associations varied by well-being component.",basic needs; subjective well-being; cross-cultural,basic needs; subjective well-being; cross-cultural,Cross-sectional self-report; broad proxy measures; national and linguistic measurement equivalence is imperfect; association is not universality of one moral model.,Culture and material conditions affect expression and relative salience; unmet needs can coexist with reported positive affect or social desirability.,,Moderate,Supporting,Needs and subjective well-being around the world,"Tay, Louis; Diener, Ed",2011,https://doi.org/10.1037/a0023779,large cross-national primary study (123 countries),basic needs; subjective well-being; cross-cultural,What dimensions and conditions support flourishing?,,,,,,,Stage 2 synthesis only,"Do not infer identical need expression, individual responsibility for deprivation, or that subjective well-being alone defines flourishing.",,verified_included,,DOI: 10.1037/a0023779
S2-A-SRC-009,source,2,Human Flourishing Model,Differentiating autonomy from individualism and independence: A self-determination theory perspective on internalization of cultural orientations and well-being,"Across four cultural samples, acting with a sense of volition toward both individualist and collectivist practices was associated with well-being, supporting a distinction between autonomy and independence.",autonomy; internalisation; cross-cultural,autonomy; internalisation; cross-cultural,"Student samples, self-report and correlational design; cultural orientations were simplified; authored within SDT.","Relational and structural critics argue that endorsement may itself be shaped by power, adaptive preference or limited alternatives.",,Moderate,Supporting,Differentiating autonomy from individualism and independence: A self-determination theory perspective on internalization of cultural orientations and well-being,"Chirkov, Valery; Ryan, Richard M.; Kim, Youngmee; Kaplan, Ulas",2003,https://doi.org/10.1037/0022-3514.84.1.97,four-country primary study,autonomy; internalisation; cross-cultural,What dimensions and conditions support flourishing?,,,,,,,Stage 2 synthesis only,"Do not equate autonomy with separation from family or community, or treat reported endorsement as proof that conditions are non-coercive.",,verified_included,,DOI: 10.1037/0022-3514.84.1.97
S2-A-SRC-010,source,2,Human Flourishing Model,What Schools Need to Know About Fostering School Belonging: A Meta-analysis,School belonging is associated with multiple individual and social factors; teacher support and positive personal characteristics were among the strongest correlates in the reviewed adolescent literature.,belonging; adolescence; relationships,belonging; adolescence; relationships,Terminology and measures were inconsistent; evidence was largely correlational and school-specific; publication and high-income-country bias are possible.,"Belonging can coexist with exclusionary group norms, conformity or unsafe institutions; not all belonging is beneficial.",,Moderate,Anchor,What Schools Need to Know About Fostering School Belonging: A Meta-analysis,"Allen, Kelly-Ann; Kern, Margaret L.; Vella-Brodrick, Dianne; Hattie, John; Waters, Lea",2018,https://doi.org/10.1007/s10648-016-9389-8,systematic review and meta-analysis,belonging; adolescence; relationships,What dimensions and conditions support flourishing?,,,,,,,Stage 2 synthesis only,"Do not individualise belonging failure, infer causality from correlates, or treat belonging as unconditional conformity.",,verified_included,,DOI: 10.1007/s10648-016-9389-8
S2-A-SRC-011,source,2,Human Flourishing Model,Adolescents' experiences of school belonging: A qualitative meta-synthesis,"Adolescent accounts synthesised belonging as being safe to be oneself through relationships, with identity recognition, group membership and safety recurring as mechanisms.",belonging; identity; safety; adolescence,belonging; identity; safety; adolescence,Only eight qualitative studies; context and researcher interpretation matter; cannot estimate prevalence or causal effect.,"Group membership can require concealment or compliance, and safety may be uneven across identities.",,Moderate,Anchor,Adolescents' experiences of school belonging: A qualitative meta-synthesis,"Craggs, Holly; Kelly, Catherine",2018,https://doi.org/10.1080/13676261.2018.1477125,qualitative meta-synthesis (8 studies),belonging; identity; safety; adolescence,What dimensions and conditions support flourishing?,,,,,,,Stage 2 synthesis only,Do not treat this synthesis as a universal definition or infer that nominal inclusion produces experienced belonging.,,verified_included,,DOI: 10.1080/13676261.2018.1477125
S2-A-SRC-012,source,2,Human Flourishing Model,Measuring What Matters for Child Well-being and Policies,"Child well-being requires multidimensional, child-centred measurement of current lives as well as future outcomes; important international data gaps concern children's own views, relationships, material conditions and inequalities.",child well-being; multidimensionality; measurement,child well-being; multidimensionality; measurement,OECD-country emphasis; indicator availability can drive framework content; official synthesis is not a causal meta-analysis or moral consensus.,Non-OECD contexts and community-specific conceptions may prioritise dimensions or indicators differently.,,High,Anchor,Measuring What Matters for Child Well-being and Policies,OECD,2021,https://doi.org/10.1787/e82fded1-en,official evidence and measurement review,child well-being; multidimensionality; measurement,What dimensions and conditions support flourishing?,,,,,,,Stage 2 synthesis only,"Do not equate measurable indicators with the whole good, aggregate averages with individual experience, or future productivity with child flourishing.",,verified_included,,DOI: 10.1787/e82fded1-en
S2-A-SRC-013,source,2,Human Flourishing Model,Adolescent well-being: A definition and conceptual framework,"WHO/UN partners propose five interconnected domains spanning health and nutrition, connectedness and contribution, safety and support, learning/competence, and agency/resilience, framed by rights and resources.",adolescent well-being; rights; agency; relationships,adolescent well-being; rights; agency; relationships,Consensus framework rather than causal review; broad domains reflect normative and policy choices; operationalisation and cross-cultural validation remain incomplete.,"Alternative models divide or weight domains differently, and resilience language can obscure preventable adversity.",,Moderate,Anchor,Adolescent well-being: A definition and conceptual framework,"Ross, David A.; Hinton, Rachel; Melles-Brewer, Meredith; Engel, Danielle; Zeck, Willibald; Fagan, Laurel; Herat, Jane; Phaladi, Grace; Imbago-Jácome, Daniela; Anyona, Philip; et al.",2020,https://doi.org/10.1016/j.jadohealth.2020.06.042,official multisectoral conceptual framework,adolescent well-being; rights; agency; relationships,What dimensions and conditions support flourishing?,,,,,,,Stage 2 synthesis only,"Do not present the five domains as empirically exhaustive, use resilience to excuse harmful conditions, or reduce rights to subjective satisfaction.",,verified_included,,DOI: 10.1016/j.jadohealth.2020.06.042
S2-A-SRC-014,source,2,Human Flourishing Model,Well-being is more than happiness and life satisfaction: A multidimensional analysis of 21 countries,"Across 21 countries, multidimensional psychosocial functioning added information beyond happiness and life satisfaction, and the structure and distribution of well-being differed across populations.",multidimensional well-being; cross-cultural measurement,multidimensional well-being; cross-cultural measurement,Convenience/online samples in several countries; measurement model choices; cross-sectional self-report; country coverage is not global.,"Some hedonic and eudaimonic measures overlap strongly, and factor structures can shift with instruments and translations.",,Moderate,Supporting,Well-being is more than happiness and life satisfaction: A multidimensional analysis of 21 countries,"Ruggeri, Kai; Garcia-Garzon, Eduardo; Maguire, Áine; Matz, Sandra; Huppert, Felicia A.",2020,https://doi.org/10.1186/s12955-020-01423-y,cross-national primary psychometric study,multidimensional well-being; cross-cultural measurement,What dimensions and conditions support flourishing?,,,,,,,Stage 2 synthesis only,"Do not equate flourishing with happiness, treat one composite score as a complete person, or assume invariant weights across cultures.",,verified_included,,DOI: 10.1186/s12955-020-01423-y
S2-A-SRC-015,source,2,Human Flourishing Model,Different types of well-being? A cross-cultural examination of hedonic and eudaimonic well-being,"Hedonic and eudaimonic well-being measures were highly correlated across samples, suggesting they are distinguishable but substantially overlapping rather than cleanly separate kinds of well-being.",hedonic and eudaimonic well-being; construct overlap,hedonic and eudaimonic well-being; construct overlap,Cross-sectional self-report; limited cultural samples and instruments; high correlation may reflect common method or broad evaluative tone.,"Conceptual and longitudinal work still gives reasons to distinguish feeling good from functioning, meaning and virtue.",,Moderate,Supporting,Different types of well-being? A cross-cultural examination of hedonic and eudaimonic well-being,"Disabato, David J.; Goodman, Fallon R.; Kashdan, Todd B.; Short, Jessica L.; Jarden, Aaron",2016,https://doi.org/10.1037/pas0000209,cross-cultural primary psychometric study,hedonic and eudaimonic well-being; construct overlap,What dimensions and conditions support flourishing?,,,,,,,Stage 2 synthesis only,"Do not claim hedonia and eudaimonia are identical, or count correlated scales as proof that one moral theory is correct.",,verified_included,,DOI: 10.1037/pas0000209
S2-A-SRC-016,source,2,Human Flourishing Model,Eastern conceptions of happiness: Fundamental differences with Western views,"Reviews traditions in which harmony, balance, suffering, social embeddedness and caution toward intense happiness complicate Western emphases on personal positive affect and life satisfaction.",happiness; culture; pluralism,happiness; culture; pluralism,Broad civilisational labels risk internal homogenisation; largely conceptual and interpretive rather than a systematic causal review.,"There is large within-culture variation, cultural change and overlap; no single Eastern or Western conception exists.",,Moderate,Anchor,Eastern conceptions of happiness: Fundamental differences with Western views,"Joshanloo, Mohsen",2014,https://doi.org/10.1007/s10902-013-9431-1,cross-cultural conceptual review,happiness; culture; pluralism,What dimensions and conditions support flourishing?,,,,,,,Stage 2 synthesis only,"Do not essentialise cultures, romanticise suffering, or reject individual agency as merely Western.",,verified_included,,DOI: 10.1007/s10902-013-9431-1
S2-A-SRC-017,source,2,Human Flourishing Model,Analysing wellbeing: A framework for development practice,"Proposes well-being as an interacting process of material, relational and subjective dimensions, challenging individualised accounts and foregrounding power and social context.",relational well-being; material conditions; agency; culture,relational well-being; material conditions; agency; culture,"Conceptual framework informed by development practice, not a meta-analysis; categories require local empirical testing.",Individual subjective experience and personal projects remain important and can be obscured by overly structural accounts.,,Moderate,Supporting,Analysing wellbeing: A framework for development practice,"White, Sarah C.",2010,https://doi.org/10.1080/09614520903564199,conceptual and qualitative synthesis,relational well-being; material conditions; agency; culture,What dimensions and conditions support flourishing?,,,,,,,Stage 2 synthesis only,"Do not collapse persons into communities, presume harmonious relations, or use relationality to legitimate coercive obligation.",,verified_included,,DOI: 10.1080/09614520903564199
S2-A-SRC-018,source,2,Human Flourishing Model,Toward an Expanded Taxonomy of Happiness: A Conceptual Analysis of 16 Distinct Forms of Mental Wellbeing,"Argues that the hedonic/eudaimonic binary is incomplete and Western-centred, identifying additional culturally salient forms of mental well-being and warning against taxonomic closure.",well-being pluralism; taxonomy; culture,well-being pluralism; taxonomy; culture,"Conceptual taxonomy is not evidence that all proposed forms are distinct, universal, measurable or equally valuable.",Parsimony and psychometric work indicate substantial overlap among many well-being constructs.,,Moderate,Supporting,Toward an Expanded Taxonomy of Happiness: A Conceptual Analysis of 16 Distinct Forms of Mental Wellbeing,"Lomas, Tim; VanderWeele, Tyler J.",2023,https://doi.org/10.1177/00221678231155512,cross-cultural conceptual analysis,well-being pluralism; taxonomy; culture,What dimensions and conditions support flourishing?,,,,,,,Stage 2 synthesis only,Do not adopt 16 forms as an empirical checklist or assume naming a culturally sourced ideal validates it for every person in that culture.,,verified_included,,DOI: 10.1177/00221678231155512
S2-A-SRC-019,source,2,Human Flourishing Model,Rewards of kindness? A meta-analysis of the link between prosociality and well-being,"Prosociality has a modest positive association with well-being overall, with effects varying by type of prosocial act, well-being outcome, age and other moderators.",contribution; prosociality; well-being,contribution; prosociality; well-being,Substantial heterogeneity; many correlational and self-report studies; benefits to actors do not establish benefits to recipients or justice of the act.,"Caregiving burden, coerced helping, exploitation and resource costs can reduce well-being; prosocial intent can produce harmful outcomes.",,Moderate,Anchor,Rewards of kindness? A meta-analysis of the link between prosociality and well-being,"Hui, Bryant P. H.; Ng, Jacky C. K.; Berzaghi, Eleonora; Cunningham-Amos, Lucy A.; Kogan, Aleksandr",2020,https://doi.org/10.1037/bul0000298,meta-analysis,contribution; prosociality; well-being,What dimensions and conditions support flourishing?,,,,,,,Stage 2 synthesis only,"Do not make contribution mandatory, infer moral worth from self-sacrifice, or claim helping always benefits helper or recipient.",,verified_included,,DOI: 10.1037/bul0000298
S2-A-SRC-020,source,2,Human Flourishing Model,Clarifying Eudaimonia and Psychological Functioning to Complement Evaluative and Experiential Well-Being: Why Basic Psychological Needs Should Be Measured in National Accounts of Well-Being,Argues that evaluative and experiential well-being omit aspects of psychological functioning and proposes basic-need satisfaction as a parsimonious complement in population accounts.,eudaimonia; basic needs; public measurement,eudaimonia; basic needs; public measurement,"Normative-conceptual proposal by SDT scholars; measurement feasibility does not establish completeness, causal priority or political neutrality.","Pluralist and relational accounts identify goods, rights, virtue and material conditions not reducible to need-satisfaction reports.",,Moderate,Anchor,Clarifying Eudaimonia and Psychological Functioning to Complement Evaluative and Experiential Well-Being: Why Basic Psychological Needs Should Be Measured in National Accounts of Well-Being,"Martela, Frank; Ryan, Richard M.",2023,https://doi.org/10.1177/17456916221141099,conceptual review and measurement proposal,eudaimonia; basic needs; public measurement,What dimensions and conditions support flourishing?,,,,,,,Stage 2 synthesis only,Do not treat a national indicator proposal as a complete definition of flourishing or as licence to optimise people to a score.,,verified_included,,DOI: 10.1177/17456916221141099
S2-A-SRC-021,source,2,Human Flourishing Model,"The Benefits of Benevolence: Basic Psychological Needs, Beneficence, and the Enhancement of Well-Being","Across several studies, perceived beneficent impact predicted well-being beyond autonomy, competence and relatedness, suggesting that contributing positively may add explanatory value.",beneficence; contribution; well-being,beneficence; contribution; well-being,Mostly self-report and short-term designs; beneficence construct overlaps with meaning and moral self-evaluation; samples do not establish universality or necessity.,"Meta-analytic prosocial effects are modest and heterogeneous; coercion, burden and harmful helping complicate any contribution ideal.",,Low,Supporting,"The Benefits of Benevolence: Basic Psychological Needs, Beneficence, and the Enhancement of Well-Being","Martela, Frank; Ryan, Richard M.",2016,https://doi.org/10.1111/jopy.12215,multi-study primary research,beneficence; contribution; well-being,What dimensions and conditions support flourishing?,,,,,,,Stage 2 synthesis only,"Do not declare beneficence a universal basic need, demand service, or infer that felt helpfulness proves actual benefit.",,verified_included,,DOI: 10.1111/jopy.12215
S2-A-SRC-022,source,2,Human Flourishing Model,Meaning in life and physical health: Systematic review and meta-analysis,"Meaning in life shows small-to-moderate associations with subjective physical health and health-related outcomes, with stronger and more consistent evidence for some subjective than objective indicators.",meaning; purpose; health; well-being,meaning; purpose; health; well-being,Predominantly adult and correlational evidence; construct and outcome heterogeneity; physical-health association does not define meaning's moral content or adolescent relevance.,"Meaning can organise harmful projects, and imposed purpose or protected values can sustain coercion as well as well-being.",,Moderate,Anchor,Meaning in life and physical health: Systematic review and meta-analysis,"Czekierda, Katarzyna; Banik, Anna; Park, Crystal L.; Luszczynska, Aleksandra",2017,https://doi.org/10.1080/17437199.2017.1327325,systematic review and meta-analysis,meaning; purpose; health; well-being,What dimensions and conditions support flourishing?,,,,,,,Stage 2 synthesis only,"Do not infer one universal purpose, prescribe meaning, or claim meaningfulness guarantees moral value or objective health.",,verified_included,,DOI: 10.1080/17437199.2017.1327325
S2-B-SRC-001,source,2,Human Flourishing Model,From loneliness to social connection: charting a path to healthier societies,"Distinguishes connection structure, function and quality; synthesises global evidence that disconnection is common and associated with health and well-being harms, with adolescents and young adults reporting especially high loneliness.",Social connection; loneliness; global distribution,Social connection; loneliness; global distribution,"Harmonised global estimates remain constrained by uneven country coverage, self-report, construct translation and observational evidence; the report is not adolescent-specific throughout.",Connection dimensions can diverge: frequent contact or large networks do not ensure felt support or relationship quality.,,Moderate,Anchor,From loneliness to social connection: charting a path to healthier societies,World Health Organization Commission on Social Connection,2025,https://www.who.int/publications/i/item/9789240112360,Official global evidence synthesis,Social connection; loneliness; global distribution,What dimensions and conditions support flourishing?,,,,,,,Stage 2 synthesis only,"Do not infer a universal adolescent prevalence for every country, or that any increase in contact improves flourishing.",,verified_included,,
S2-B-SRC-002,source,2,Human Flourishing Model,Social relationships and mortality risk: a meta-analytic review,"Across 148 predominantly adult longitudinal studies, stronger social relationships were associated with higher survival; multidimensional social integration measures were more predictive than living arrangement alone.",General social connection; physical health,General social connection; physical health,Predominantly adult evidence; heterogeneous measures; observational cohorts cannot establish that relationships alone caused survival differences.,"The weakest association was for a simple structural indicator, living alone, showing that proxies are not interchangeable.",,High for adult association; Low for adolescent-specific inference,Anchor,Social relationships and mortality risk: a meta-analytic review,Julianne Holt-Lunstad; Timothy B. Smith; J. Bradley Layton,2010,https://pubmed.ncbi.nlm.nih.gov/20668659/,Meta-analysis,General social connection; physical health,What dimensions and conditions support flourishing?,,,,,,,Stage 2 synthesis only,Do not transfer mortality effect sizes to adolescents or treat them as evidence for a specific flourishing model.,,verified_included,,DOI: 10.1371/journal.pmed.1000316
S2-B-SRC-003,source,2,Human Flourishing Model,Rapid Systematic Review: The Impact of Social Isolation and Loneliness on the Mental Health of Children and Adolescents in the Context of COVID-19,"Across pre-pandemic and early pandemic evidence, loneliness and social isolation were associated with later depression and anxiety in children and adolescents; duration may matter.",Child and adolescent loneliness; mental health,Child and adolescent loneliness; mental health,"Most included evidence was observational, heterogeneous and self-reported; the rapid-review process used partial double screening; quarantine evidence was indirect for COVID-19.","Isolation and loneliness are distinct, and not every period of solitude is harmful.",,Moderate,Anchor,Rapid Systematic Review: The Impact of Social Isolation and Loneliness on the Mental Health of Children and Adolescents in the Context of COVID-19,Maria Elizabeth Loades et al.,2020,https://doi.org/10.1016/j.jaac.2020.05.009,Rapid systematic review,Child and adolescent loneliness; mental health,What dimensions and conditions support flourishing?,,,,,,,Stage 2 synthesis only,Do not diagnose mental disorder from loneliness or claim that connection alone prevents or treats depression or anxiety.,,verified_included,,DOI: 10.1016/j.jaac.2020.05.009
S2-B-SRC-004,source,2,Human Flourishing Model,A meta-analytic review of the association between perceived social support and depression in childhood and adolescence,"Across 341 studies and 273,149 participants, perceived social support had a moderate inverse association with depression; evidence favoured a general-benefits association more consistently than universal stress buffering.",Perceived support; youth depression,Perceived support; youth depression,Substantial construct and design heterogeneity; much evidence was cross-sectional; perceived support and depressive symptoms can influence each other.,Stress-buffering was not uniformly supported and source of support mattered.,,High for association; Moderate for mechanism,Anchor,A meta-analytic review of the association between perceived social support and depression in childhood and adolescence,Sandra Yu Rueger; Christine Kerres Malecki; Yoonsun Pyun; Chase Aycock; Samantha Coyle,2016,https://doi.org/10.1037/bul0000058,Meta-analysis,Perceived support; youth depression,What dimensions and conditions support flourishing?,,,,,,,Stage 2 synthesis only,Do not claim all support sources are equivalent or that support causes recovery from depression.,,verified_included,,DOI: 10.1037/bul0000058
S2-B-SRC-005,source,2,Human Flourishing Model,Relations of friendship experiences with depressive symptoms and loneliness in childhood and adolescence: A meta-analytic review,Positive and negative friendship experiences show distinct associations with depressive symptoms and loneliness; relationship quality matters beyond simply having friends.,Friendship quality; depression; loneliness,Friendship quality; depression; loneliness,"Most studies were correlational and Western; measures, ages and friendship constructs varied; directionality is not uniform.","Some ostensibly close friendship processes, including maladaptive co-rumination, may accompany distress rather than protect against it.",,High for association; Moderate for mechanism,Anchor,Relations of friendship experiences with depressive symptoms and loneliness in childhood and adolescence: A meta-analytic review,Rebecca A. Schwartz-Mette; Jessica Shankman; Aubrey R. Dueweke; Sarah Borowski; Amanda J. Rose,2020,https://pubmed.ncbi.nlm.nih.gov/32406698/,Meta-analysis,Friendship quality; depression; loneliness,What dimensions and conditions support flourishing?,,,,,,,Stage 2 synthesis only,"Do not equate friendship quantity, intimacy or disclosure with uniformly beneficial connection.",,verified_included,,DOI: 10.1037/bul0000239
S2-B-SRC-006,source,2,Human Flourishing Model,"The relationships between school belonging and students' motivational, social-emotional, behavioural, and academic outcomes in secondary education: a meta-analytic review","School belonging was positively associated with motivational, social-emotional, behavioural and academic outcomes in secondary students, with variation across outcomes and studies.",School belonging; adolescent outcomes,School belonging; adolescent outcomes,Predominantly correlational evidence; heterogeneous definitions and measures; school-enrolled samples and publication language constrain transportability.,"Associations do not identify whether belonging causes outcomes, outcomes increase belonging, or both reflect school climate and prior advantage.",,Moderate,Anchor,"The relationships between school belonging and students' motivational, social-emotional, behavioural, and academic outcomes in secondary education: a meta-analytic review",Hester Korpershoek; Esther T. Canrinus; Marjon Fokkens-Bruinsma; Henk de Boer,2020,https://doi.org/10.1080/02671522.2019.1615116,Meta-analysis,School belonging; adolescent outcomes,What dimensions and conditions support flourishing?,,,,,,,Stage 2 synthesis only,"Do not treat school belonging as a unitary causal lever or substitute it for safety, inclusion or learning quality.",,verified_included,,DOI: 10.1080/02671522.2019.1615116
S2-B-SRC-007,source,2,Human Flourishing Model,Adolescents' experiences of school belonging: a qualitative meta-synthesis,"Adolescent accounts frame belonging through relationships, acceptance, safety, identity, participation and fit rather than mere attendance or institutional membership.",Lived experience of school belonging,Lived experience of school belonging,"Small qualitative evidence base, context dependence and interpretive synthesis limit prevalence or causal claims.",Belonging can be conditional on conformity and may coexist with exclusion or pressure to suppress identity.,,Moderate,Non-decision duplicate,Adolescents' experiences of school belonging: a qualitative meta-synthesis,Holly Craggs; Catherine Kelly,2018,https://doi.org/10.1080/13676261.2018.1477125,Qualitative meta-synthesis,Lived experience of school belonging,What dimensions and conditions support flourishing?,,,,,,,Metadata retained for transparency; do not count as independent evidence.,Do not universalise one school-belonging experience or infer that institutional identification is always healthy.,S2-A-SRC-011,duplicate_nondecision,,DOI: 10.1080/13676261.2018.1477125
S2-B-SRC-008,source,2,Human Flourishing Model,Impact of school-based interventions for building school belonging in adolescence: a systematic review,"Among 22 controlled trials, 14 reported improved belonging; promising approaches often targeted strengths and positive student-student or staff-student interactions.",School belonging interventions,School belonging interventions,"Few interventions intentionally targeted belonging; terminology, measures, intervention components and study quality varied; positive-study counts are not pooled effects.","Eight controlled trials did not report improved belonging, and the review identifies a thin, inconsistent intervention base.",,Moderate-Low for intervention causality,Anchor,Impact of school-based interventions for building school belonging in adolescence: a systematic review,Kelly-Ann Allen; Negar Jamshidi; Emily Berger; Andrea Reupert; Gerald Wurf; Fiona May,2022,https://doi.org/10.1007/s10648-021-09621-w,Systematic review of controlled trials,School belonging interventions,What dimensions and conditions support flourishing?,,,,,,,Stage 2 synthesis only,Do not claim that belonging is readily engineered or that any named approach is established as effective across contexts.,,verified_included,,DOI: 10.1007/s10648-021-09621-w
S2-B-SRC-009,source,2,Human Flourishing Model,The role of school connectedness in the prevention of youth depression and anxiety: a systematic review with youth consultation,"Most of 34 longitudinal studies reported protective prospective associations with depression and/or anxiety, but evidence was stronger for depression; two intervention studies improved depression through differing pathways.",School connectedness; depression; anxiety,School connectedness; depression; anxiety,69% of studies were US-based; connectedness measures varied; no diagnostic outcomes; only two intervention studies; meta-analysis was impossible.,"Three studies were null, nine mixed, and one showed a negligible adverse association; in one intervention relationships rather than the belonging subscale mediated change.",,Moderate,Anchor,The role of school connectedness in the prevention of youth depression and anxiety: a systematic review with youth consultation,Monika Raniti et al.,2022,https://link.springer.com/article/10.1186/s12889-022-14364-6,Systematic review with youth consultation,School connectedness; depression; anxiety,What dimensions and conditions support flourishing?,,,,,,,Stage 2 synthesis only,"Do not claim connectedness prevents clinical disorder, works identically for all groups, or has one established mechanism.",,verified_included,,DOI: 10.1186/s12889-022-14364-6
S2-B-SRC-010,source,2,Human Flourishing Model,Toward an Integrated Model of Supportive Peer Relationships in Early Adolescence: A Systematic Review and Exploratory Meta-Analysis,"Peer relationship quality is embedded in reciprocal interactions among identity, social-emotional functioning, family, school and wider contexts; quantity or status is not equivalent to support.",Supportive peer relationships; early adolescence,Supportive peer relationships; early adolescence,"Marked construct heterogeneity, 87 measures, mostly correlational school samples, half North American, limited vulnerable populations and fair inter-rater reliability in quality appraisal.",Changes in number of friends or status need not indicate supportive relationships; some close processes such as dwelling in co-rumination may be unhelpful.,,Moderate-Low for mechanisms,Anchor,Toward an Integrated Model of Supportive Peer Relationships in Early Adolescence: A Systematic Review and Exploratory Meta-Analysis,Marija Mitic et al.,2021,https://www.frontiersin.org/articles/10.3389/fpsyg.2021.589403/full,Systematic review and exploratory meta-analysis,Supportive peer relationships; early adolescence,What dimensions and conditions support flourishing?,,,,,,,Stage 2 synthesis only,"Do not infer a settled causal model or reduce peer flourishing to popularity, network size or a single relationship skill.",,verified_included,,DOI: 10.3389/fpsyg.2021.589403
S2-B-SRC-011,source,2,Human Flourishing Model,Associations of Parenting Dimensions and Styles with Internalizing Symptoms in Children and Adolescents: A Meta-Analysis,"Across 1,015 studies, warmth, behavioural control, autonomy granting and authoritative parenting had very small to small inverse associations with internalising symptoms; harsh and psychological control showed adverse associations.",Parent-child warmth; autonomy; internalising symptoms,Parent-child warmth; autonomy; internalising symptoms,Large heterogeneity; most effects were small; parenting and symptoms were bidirectional; broad style labels may hide culturally distinct behaviours.,Longitudinal evidence indicated child effects as well as parent effects; warmth alone is not a sufficient explanation.,,High for small association; Moderate-Low for causal direction,Anchor,Associations of Parenting Dimensions and Styles with Internalizing Symptoms in Children and Adolescents: A Meta-Analysis,Martin Pinquart,2017,https://doi.org/10.1080/01494929.2016.1247761,Meta-analysis,Parent-child warmth; autonomy; internalising symptoms,What dimensions and conditions support flourishing?,,,,,,,Stage 2 synthesis only,Do not rank families by broad style labels or claim one parenting form causes adolescent flourishing across cultures.,,verified_included,,DOI: 10.1080/01494929.2016.1247761
S2-B-SRC-012,source,2,Human Flourishing Model,Annual Research Review: Cross-cultural similarities and differences in parenting,"Warmth, acceptance, control, monitoring and discipline show both cross-cultural similarities and differences; cultural normativeness and perceived legitimacy can modify meanings and outcomes.",Cross-cultural care; parenting,Cross-cultural care; parenting,Cross-cultural psychology still relies on imperfect construct equivalence and uneven samples; within-culture variation is substantial.,"A behaviour labelled caring, controlling or autonomous may be experienced and predict outcomes differently across settings.",,Moderate,Anchor,Annual Research Review: Cross-cultural similarities and differences in parenting,Jennifer E. Lansford,2022,https://doi.org/10.1111/jcpp.13539,Annual research review,Cross-cultural care; parenting,What dimensions and conditions support flourishing?,,,,,,,Stage 2 synthesis only,"Do not universalise Western expressions of warmth, independence, disclosure or parental authority.",,verified_included,,DOI: 10.1111/jcpp.13539
S2-B-SRC-013,source,2,Human Flourishing Model,Bidirectional Relations between Parenting and Behavior Problems from Age 8 to 13 in Nine Countries,"Across 12 cultural groups in nine countries, parenting and child internalising/externalising problems showed bidirectional and culturally variable relations; child effects became especially salient into early adolescence.",Parent-child warmth and control; early adolescence,Parent-child warmth and control; early adolescence,"Non-representative city samples, self-report and measurement equivalence limits; ages 8-13 only; observational cross-lagged models do not prove causal direction.",Findings resist a simple parent-to-child causal story and show moderation by cultural context and developmental period.,,Moderate,Supporting,Bidirectional Relations between Parenting and Behavior Problems from Age 8 to 13 in Nine Countries,Jennifer E. Lansford; W. Andrew Rothenberg et al.,2018,https://pmc.ncbi.nlm.nih.gov/articles/PMC6282841/,Cross-cultural longitudinal primary study,Parent-child warmth and control; early adolescence,What dimensions and conditions support flourishing?,,,,,,,Stage 2 synthesis only,Do not infer that parental warmth or control has one universal effect or that adolescent outcomes disclose parenting quality.,,verified_included,,DOI: 10.1111/jora.12381
S2-B-SRC-014,source,2,Human Flourishing Model,Testing Self-Determination Theory via Nigerian and Indian adolescents,"Among school-aged adolescents in India and Nigeria, satisfaction of relatedness, autonomy and competence was associated with positive class evaluations and life satisfaction, supporting transport beyond Western samples.",Relatedness; autonomy; competence; adolescents,Relatedness; autonomy; competence; adolescents,Two countries and school samples do not establish universality; cross-sectional self-report and theory-aligned measures raise common-method and construct-equivalence concerns.,Support for need associations does not show that Western behavioural expressions of autonomy or relatedness are universal.,,Moderate,Supporting,Testing Self-Determination Theory via Nigerian and Indian adolescents,Kennon M. Sheldon; Neetu Abad; Jessica Omoile,2009,https://doi.org/10.1177/0165025409340095,Cross-cultural primary study,Relatedness; autonomy; competence; adolescents,What dimensions and conditions support flourishing?,,,,,,,Stage 2 synthesis only,Do not call relatedness an innate universal need on this evidence alone or prescribe one relational form.,,verified_included,,DOI: 10.1177/0165025409340095
S2-B-SRC-015,source,2,Human Flourishing Model,Need Satisfaction and Well-Being: Testing Self-Determination Theory in Eight Cultures,"Need satisfaction was associated with well-being across eight cultural samples, while strength and expression varied, providing a cross-cultural anchor for relatedness as one contributor rather than a complete model.",Relatedness; autonomy; competence; culture,Relatedness; autonomy; competence; culture,"Mostly university/adult samples, self-report, cross-sectional design and measurement invariance constraints; not adolescent-specific.","Cross-cultural association does not erase culturally patterned goals, obligations or relational selves.",,Moderate for cross-cultural association; Low for adolescent specificity,Supporting,Need Satisfaction and Well-Being: Testing Self-Determination Theory in Eight Cultures,A. Timothy Church et al.,2013,https://doi.org/10.1177/0022022112466590,Cross-cultural primary study,Relatedness; autonomy; competence; culture,What dimensions and conditions support flourishing?,,,,,,,Stage 2 synthesis only,Do not transfer adult effect estimates to KS3-KS4 learners or claim an exhaustive universal needs taxonomy.,,verified_included,,DOI: 10.1177/0022022112466590
S2-B-SRC-016,source,2,Human Flourishing Model,Balance Across Contexts: Importance of Balanced Need Satisfaction Across Various Life Domains,"Adolescents reporting more balanced satisfaction of autonomy, competence and relatedness across important contexts also reported higher well-being and school adjustment, suggesting that one supportive setting may not fully compensate for deprivation elsewhere.","Relatedness across home, school, friends and work","Relatedness across home, school, friends and work",Self-report and largely correlational designs; composite balance metrics can be difficult to interpret; cultural and socioeconomic coverage was limited.,"A high average can conceal one harmful context, and balance is not proof that every domain must contribute equally.",,Moderate-Low,Supporting,Balance Across Contexts: Importance of Balanced Need Satisfaction Across Various Life Domains,Marina Milyavskaya; Isabelle Gingras; Geneviève A. Mageau; Richard Koestner; Hugo Gagnon; Jianqun Fang; Julie Boiché,2009,https://doi.org/10.1177/0146167209337036,Multi-study primary research,"Relatedness across home, school, friends and work",What dimensions and conditions support flourishing?,,,,,,,Stage 2 synthesis only,Do not turn contextual balance into a fixed checklist or infer causality from concurrent profiles.,,verified_included,,DOI: 10.1177/0146167209337036
S2-B-SRC-017,source,2,Human Flourishing Model,Relationship between online social support and adolescents' mental health: A systematic review and meta-analysis,"Online social support shows associations with adolescent mental-health outcomes, but source, platform, support type and offline context condition interpretation.",Online social support; adolescent mental health,Online social support; adolescent mental health,"Predominantly correlational self-report studies, platform and measure heterogeneity, regional concentration and possible reverse causation.","Online connection can coexist with loneliness, problematic use, exposure to hostility or displacement of desired offline support.",,Moderate-Low,Anchor,Relationship between online social support and adolescents' mental health: A systematic review and meta-analysis,Ziyao Zhou; Qijin Cheng,2022,https://doi.org/10.1002/jad.12031,Systematic review and meta-analysis,Online social support; adolescent mental health,What dimensions and conditions support flourishing?,,,,,,,Stage 2 synthesis only,"Do not equate digital contact with care, assume online support is inferior or superior, or infer platform causality.",,verified_included,,DOI: 10.1002/jad.12031
S2-B-SRC-018,source,2,Human Flourishing Model,Beyond Homophily: A Decade of Advances in Understanding Peer Influence Processes,"Adolescent peer similarity arises through both selection and socialisation, with influence varying by relationship, status, behaviour and context; peer connection can transmit adaptive or maladaptive norms.",Peer influence; selection; socialisation,Peer influence; selection; socialisation,Narrative review of a methodologically heterogeneous literature; influence estimates remain vulnerable to selection confounding and network measurement limits.,"Belonging to valued peers may increase harmful as well as prosocial behaviour, and apparent influence can partly reflect choosing similar friends.",,Moderate,Anchor,Beyond Homophily: A Decade of Advances in Understanding Peer Influence Processes,Whitney A. Brechwald; Mitchell J. Prinstein,2011,https://doi.org/10.1111/j.1532-7795.2010.00721.x,Integrative review,Peer influence; selection; socialisation,What dimensions and conditions support flourishing?,,,,,,,Stage 2 synthesis only,"Do not treat peers as inherently risky or protective, or infer influence from similarity alone.",,verified_included,,DOI: 10.1111/j.1532-7795.2010.00721.x
S2-B-SRC-019,source,2,Human Flourishing Model,"The relationship between peer victimisation, self-esteem, and internalizing symptoms in adolescents: a systematic review and meta-analysis",Peer victimisation is associated with lower self-esteem and higher internalising symptoms; meta-mediation is consistent with self-esteem as one pathway but does not settle causality.,Victimisation; exclusion; internalising symptoms,Victimisation; exclusion; internalising symptoms,"Included cross-sectional and longitudinal observational studies; self-report, heterogeneity, residual confounding and mediation assumptions limit causal inference.","Being embedded in a peer setting is not protective when relationships are unsafe, humiliating or exclusionary.",,Moderate,Anchor,"The relationship between peer victimisation, self-esteem, and internalizing symptoms in adolescents: a systematic review and meta-analysis",Victoria M. R. Mullan; Dennis Golm; Jacob Juhl; Sana Sajid; Valerie Brandt,2023,https://pubmed.ncbi.nlm.nih.gov/36989220/,Systematic review and meta-analysis,Victimisation; exclusion; internalising symptoms,What dimensions and conditions support flourishing?,,,,,,,Stage 2 synthesis only,Do not interpret victimisation outcomes as individual deficits or claim self-esteem fully explains harm.,,verified_included,,DOI: 10.1371/journal.pone.0282224
S2-B-SRC-020,source,2,Human Flourishing Model,The association between perceived social support in adolescence and positive mental health outcomes in early adulthood: a prospective cohort study,"Perceived support in adolescence, particularly friend support, predicted more positive mental-health outcomes in early adulthood after adjustment.",Adolescent support; early-adult positive mental health,Adolescent support; early-adult positive mental health,"Single national cohort, attrition, self-report exposure and residual confounding; perceived support may partly reflect earlier mental health or social advantage.","Support sources were not equivalent, and prospective association still does not prove an intervention effect.",,Moderate,Supporting,The association between perceived social support in adolescence and positive mental health outcomes in early adulthood: a prospective cohort study,Andreas Lindegaard Jakobsen; Claus D. Hansen; Johan Hviid Andersen,2022,https://doi.org/10.1177/1403494821993718,Prospective cohort study,Adolescent support; early-adult positive mental health,What dimensions and conditions support flourishing?,,,,,,,Stage 2 synthesis only,"Do not claim adolescent friend support guarantees adult flourishing or substitutes for family, community or structural conditions.",,verified_included,,DOI: 10.1177/1403494821993718
S2-B-SRC-021,source,2,Human Flourishing Model,What Schools Need to Know About Fostering School Belonging: a Meta-analysis,"Teacher support and positive interpersonal relationships were among the strongest correlates of school belonging, while individual and contextual factors also mattered.",Predictors and correlates of school belonging,Predictors and correlates of school belonging,"Mostly cross-sectional, heterogeneous constructs and measures, school-enrolled samples, and correlates cannot identify manipulable causes.",Belonging is not produced by one relationship alone; individual characteristics can reflect prior exclusion or measurement bias rather than learner deficits.,,Moderate,Non-decision duplicate,What Schools Need to Know About Fostering School Belonging: a Meta-analysis,Kelly-Ann Allen; Margaret L. Kern; Dianne Vella-Brodrick; John Hattie; Lea Waters,2018,https://doi.org/10.1007/s10648-016-9389-8,Meta-analysis,Predictors and correlates of school belonging,What dimensions and conditions support flourishing?,,,,,,,Metadata retained for transparency; do not count as independent evidence.,Do not assign responsibility for belonging to adolescents or infer that teacher warmth alone can overcome unsafe or exclusionary systems.,S2-A-SRC-010,duplicate_nondecision,,DOI: 10.1007/s10648-016-9389-8
S2-CLM-001,claim,2,Human Flourishing Model,Flourishing is multidimensional,Dimensions of feeling functioning relationship and condition provide partly nonredundant information although their measures overlap.,Core model evidence,Population-level reviewed evidence,Evidence is heterogeneous culturally uneven and often observational.,Effects and meanings vary by measure context and population.,Empirical Finding,Moderate,Anchor synthesis,,,,,,normative-empirical synthesis,What may the model empirically claim?,,,,,,,Stage 2 pass-forward with cautions,No universal weighting or complete score is established.,S2-A-SRC-012;S2-A-SRC-013;S2-A-SRC-014;S2-A-SRC-015;S2-A-SRC-016,approved_with_cautions,Stronger contrary or construct-equivalent evidence materially changes the claim.,
S2-CLM-002,claim,2,Human Flourishing Model,Volition competence and relatedness recur,Volition competence and relatedness are recurrent correlates of adaptive motivation and well-being across multiple populations.,Core model evidence,Population-level reviewed evidence,Evidence is heterogeneous culturally uneven and often observational.,Effects and meanings vary by measure context and population.,Empirical Finding,Moderate,Anchor synthesis,,,,,,normative-empirical synthesis,What may the model empirically claim?,,,,,,,Stage 2 pass-forward with cautions,Do not treat three constructs as exhaustive needs or choice as autonomy.,S2-A-SRC-001;S2-A-SRC-002;S2-A-SRC-003;S2-A-SRC-007;S2-A-SRC-009,approved_with_cautions,Stronger contrary or construct-equivalent evidence materially changes the claim.,
S2-CLM-003,claim,2,Human Flourishing Model,Connection quality and safety matter,Supportive safe relationship quality is associated with well-being and lower distress while pathways are reciprocal and context-sensitive.,Core model evidence,Population-level reviewed evidence,Evidence is heterogeneous culturally uneven and often observational.,Effects and meanings vary by measure context and population.,Empirical Finding,Moderate,Anchor synthesis,,,,,,normative-empirical synthesis,What may the model empirically claim?,,,,,,,Stage 2 pass-forward with cautions,Do not infer diagnosis treatment or justice from connection.,S2-B-SRC-003;S2-B-SRC-004;S2-B-SRC-005;S2-A-SRC-011;S2-B-SRC-009;S2-B-SRC-011;S2-B-SRC-020,approved_with_cautions,Stronger contrary or construct-equivalent evidence materially changes the claim.,
S2-CLM-004,claim,2,Human Flourishing Model,Competence differs from confidence and performance,Competence confidence and performance are distinct and reciprocally related constructs.,Core model evidence,Population-level reviewed evidence,Evidence is heterogeneous culturally uneven and often observational.,Effects and meanings vary by measure context and population.,Empirical Finding,Moderate,Anchor synthesis,,,,,,normative-empirical synthesis,What may the model empirically claim?,,,,,,,Stage 2 pass-forward with cautions,Do not use grades confidence or productivity as competence or worth.,S2-A-SRC-003;S2-A-SRC-005;S2-A-SRC-006,approved_with_cautions,Stronger contrary or construct-equivalent evidence materially changes the claim.,
S2-CLM-005,claim,2,Human Flourishing Model,Meaning has bounded associations with well-being,Meaning and purpose have bounded measure-dependent associations with well-being and health.,Core model evidence,Population-level reviewed evidence,Evidence is predominantly adult Western correlational and measure-dependent.,Effects and meanings vary by measure context and population.,Empirical Finding,Moderate,Anchor synthesis,,,,,,normative-empirical synthesis,What may the model empirically claim?,,,,,,,Stage 2 pass-forward with cautions,Do not infer one universal taxonomy moral worth voluntariness or causal health benefit.,S2-SRC-044;S2-A-SRC-022,approved_with_cautions,Stronger contrary or construct-equivalent evidence materially changes the claim.,
S2-CLM-006,assumption,2,Human Flourishing Model,Material and institutional opportunity premise,The project treats resources rights safety power and institutions as conditions shaping real opportunities and reported well-being.,Core model evidence,Population-level reviewed evidence,The linked records are mainly conceptual official and cross-national frameworks rather than a direct causal review.,Effects and meanings vary by measure context and population.,Working Assumption,Moderate,Anchor synthesis,,,,,,normative-empirical synthesis,What may the model empirically claim?,,active,,,,,Stage 2 pass-forward with cautions,Do not present one causal allocation politically complete account or settled empirical gradient.,S2-A-SRC-007;S2-A-SRC-012;S2-A-SRC-013;S2-A-SRC-017,approved_with_cautions,Stronger contrary or construct-equivalent evidence materially changes the claim.,
S2-CLM-007,claim,2,Human Flourishing Model,Adolescent relationship sources are distinguishable,Family peer teacher and school relationships are distinguishable sources of connection associated with adolescent outcomes.,Core model evidence,Population-level reviewed evidence,Evidence is Western-heavy school-enrolled and relationship-focused and does not establish strict non-substitutability.,Effects and meanings vary by measure context and population.,Empirical Finding,Moderate,Anchor synthesis,,,,,,normative-empirical synthesis,What may the model empirically claim?,,,,,,,Stage 2 pass-forward with cautions,Do not require identical relational sources infer a fixed formula or claim one relationship automatically substitutes for another.,S2-B-SRC-004;S2-A-SRC-010;S2-B-SRC-016;S2-B-SRC-020,approved_with_cautions,Stronger contrary or construct-equivalent evidence materially changes the claim.,
S2-NRM-001,claim,2,Human Flourishing Model,Floor and freedom,Use a limited floor of bodily integrity safety material security equal standing and real opportunity while preserving plural good lives.,Project value commitment,Project normative model,Reasonable moral and cultural disagreement remains.,Alternative accounts may prioritise welfare virtue community duty preference or objective goods differently.,Normative Judgement,,,,,,,,normative reasoning,What should the project value?,,,,,,,Authorised only as an explicit value judgement,Do not present this value choice as an empirical human fact.,,approved_with_cautions,Adversarial review shows coercive exclusionary or internally contradictory implications.,Value basis and trade-offs are stated in STAGE_REPORT.md.
S2-NRM-002,claim,2,Human Flourishing Model,Competence without achievement supremacy,Value effective responsible action while subordinating productivity credentials and rank.,Project value commitment,Project normative model,Reasonable moral and cultural disagreement remains.,Alternative accounts may prioritise welfare virtue community duty preference or objective goods differently.,Normative Judgement,,,,,,,,normative reasoning,What should the project value?,,,,,,,Authorised only as an explicit value judgement,Do not present this value choice as an empirical human fact.,,approved_with_cautions,Adversarial review shows coercive exclusionary or internally contradictory implications.,Value basis and trade-offs are stated in STAGE_REPORT.md.
S2-NRM-003,claim,2,Human Flourishing Model,Recognition without domination,Value supportive connection with privacy dissent difference and credible exit.,Project value commitment,Project normative model,Reasonable moral and cultural disagreement remains.,Alternative accounts may prioritise welfare virtue community duty preference or objective goods differently.,Normative Judgement,,,,,,,,normative reasoning,What should the project value?,,,,,,,Authorised only as an explicit value judgement,Do not present this value choice as an empirical human fact.,,approved_with_cautions,Adversarial review shows coercive exclusionary or internally contradictory implications.,Value basis and trade-offs are stated in STAGE_REPORT.md.
S2-NRM-004,claim,2,Human Flourishing Model,Responsible contribution without sacrifice as worth,Value age-appropriate care participation and repair only with fair burdens voice and non-coercion.,Project value commitment,Project normative model,Reasonable moral and cultural disagreement remains.,Alternative accounts may prioritise welfare virtue community duty preference or objective goods differently.,Normative Judgement,,,,,,,,normative reasoning,What should the project value?,,,,,,,Authorised only as an explicit value judgement,Do not present this value choice as an empirical human fact.,,approved_with_cautions,Adversarial review shows coercive exclusionary or internally contradictory implications.,Value basis and trade-offs are stated in STAGE_REPORT.md.
S2-NRM-005,claim,2,Human Flourishing Model,Evolving agency,Respect present voice and developing capacity through proportionate explainable and reviewable protection.,Project value commitment,Project normative model,Reasonable moral and cultural disagreement remains.,Alternative accounts may prioritise welfare virtue community duty preference or objective goods differently.,Normative Judgement,,,,,,,,normative reasoning,What should the project value?,,,,,,,Authorised only as an explicit value judgement,Do not present this value choice as an empirical human fact.,,approved_with_cautions,Adversarial review shows coercive exclusionary or internally contradictory implications.,Value basis and trade-offs are stated in STAGE_REPORT.md.
S2-NRM-006,claim,2,Human Flourishing Model,Anti-reduction,No dimension indicator or composite may become a complete judgement of a person.,Project value commitment,Project normative model,Reasonable moral and cultural disagreement remains.,Alternative accounts may prioritise welfare virtue community duty preference or objective goods differently.,Normative Judgement,,,,,,,,normative reasoning,What should the project value?,,,,,,,Authorised only as an explicit value judgement,Do not present this value choice as an empirical human fact.,,approved_with_cautions,Adversarial review shows coercive exclusionary or internally contradictory implications.,Value basis and trade-offs are stated in STAGE_REPORT.md.
S2-NRM-007,claim,2,Human Flourishing Model,Adopt integrated floor-and-freedom model,The project normatively adopts the seven dimensions as a plural decision framework rather than natural modules or a scale.,Integration assumption,Stage 2 model,The integrated architecture is not directly tested.,Alternative models organise dimensions and temporal trade-offs differently.,Normative Judgement,,,,,,,,model integration,How should evidence and values be integrated?,,,,,,,Carry visibly as provisional,Do not treat the model as discovered architecture or validated scale.,,approved_with_cautions,Downstream use reveals distortion coercion or poor transportability.,
S2-ASM-002,assumption,2,Human Flourishing Model,Subjective and objective evidence are both needed,Neither self-report alone nor an objective list alone is adequate for project reasoning.,Integration assumption,Stage 2 model,The integrated architecture is not directly tested.,Alternative models organise dimensions and temporal trade-offs differently.,Working Assumption,Moderate,,,,,,,model integration,How should evidence and values be integrated?,,active,,,,,Carry visibly as provisional,Do not treat the model as discovered architecture or validated scale.,,approved_with_cautions,Downstream use reveals distortion coercion or poor transportability.,
S2-ASM-003,assumption,2,Human Flourishing Model,Agency requires endorsement and opportunity,Credible agency is better represented by both experienced authorship and actual means than by formal choice.,Integration assumption,Stage 2 model,The integrated architecture is not directly tested.,Alternative models organise dimensions and temporal trade-offs differently.,Working Assumption,Moderate,,,,,,,model integration,How should evidence and values be integrated?,,active,,,,,Carry visibly as provisional,Do not treat the model as discovered architecture or validated scale.,,approved_with_cautions,Downstream use reveals distortion coercion or poor transportability.,
S2-NRM-009,claim,2,Human Flourishing Model,Present and future flourishing both matter,The project values adolescents present quality of life and voice while also protecting expanding future possibility.,Integration assumption,Stage 2 model,The integrated architecture is not directly tested.,Alternative models organise dimensions and temporal trade-offs differently.,Normative Judgement,,,,,,,,model integration,How should evidence and values be integrated?,,,,,,,Carry visibly as provisional,Do not treat the model as discovered architecture or validated scale.,,approved_with_cautions,Downstream use reveals distortion coercion or poor transportability.,
S2-UNC-001,uncertainty,2,Human Flourishing Model,Cultural transportability,How should dimensions and measures change across cultures languages and relational forms?,Open model question,Stage 2 and downstream,Current evidence and normative reasoning do not settle this.,,Open,,,,,,,,uncertainty,Cultural transportability,,,How should dimensions and measures change across cultures languages and relational forms?,,,,Carry explicitly,Do not resolve by assumption or proxy.,,approved_with_cautions,New evidence or affected-community critique materially clarifies the question.,
S2-UNC-002,uncertainty,2,Human Flourishing Model,Endorsement under dependency,How can credible endorsement be distinguished from adaptation pressure or costly refusal?,Open model question,Stage 2 and downstream,Current evidence and normative reasoning do not settle this.,,Open,,,,,,,,uncertainty,Endorsement under dependency,,,How can credible endorsement be distinguished from adaptation pressure or costly refusal?,,,,Carry explicitly,Do not resolve by assumption or proxy.,,approved_with_cautions,New evidence or affected-community critique materially clarifies the question.,
S2-UNC-003,uncertainty,2,Human Flourishing Model,Care burden and invisible contribution,How should gendered domestic and less visible care be valued without entrenching unequal burden?,Open model question,Stage 2 and downstream,Current evidence and normative reasoning do not settle this.,,Open,,,,,,,,uncertainty,Care burden and invisible contribution,,,How should gendered domestic and less visible care be valued without entrenching unequal burden?,,,,Carry explicitly,Do not resolve by assumption or proxy.,,approved_with_cautions,New evidence or affected-community critique materially clarifies the question.,
S2-UNC-004,uncertainty,2,Human Flourishing Model,Disability and capability,How should impairment support interdependence and environmental barriers be represented without deficit or difference reduction?,Open model question,Stage 2 and downstream,Current evidence and normative reasoning do not settle this.,,Open,,,,,,,,uncertainty,Disability and capability,,,How should impairment support interdependence and environmental barriers be represented without deficit or difference reduction?,,,,Carry explicitly,Do not resolve by assumption or proxy.,,approved_with_cautions,New evidence or affected-community critique materially clarifies the question.,
S2-UNC-005,uncertainty,2,Human Flourishing Model,Present-future trade-off,How should current welfare challenge and future option value be balanced without adult prediction erasing voice?,Open model question,Stage 2 and downstream,Current evidence and normative reasoning do not settle this.,,Open,,,,,,,,uncertainty,Present-future trade-off,,,How should current welfare challenge and future option value be balanced without adult prediction erasing voice?,,,,Carry explicitly,Do not resolve by assumption or proxy.,,approved_with_cautions,New evidence or affected-community critique materially clarifies the question.,
S2-UNC-006,uncertainty,2,Human Flourishing Model,Meaning and moral worth,Which purposes are worthy and who may judge without ideological coercion?,Open model question,Stage 2 and downstream,Current evidence and normative reasoning do not settle this.,,Open,,,,,,,,uncertainty,Meaning and moral worth,,,Which purposes are worthy and who may judge without ideological coercion?,,,,Carry explicitly,Do not resolve by assumption or proxy.,,approved_with_cautions,New evidence or affected-community critique materially clarifies the question.,
S2-UNC-007,uncertainty,2,Human Flourishing Model,Relational plurality,How should chosen solitude privacy low-social-intensity lives and non-standard relationships be protected?,Open model question,Stage 2 and downstream,Current evidence and normative reasoning do not settle this.,,Open,,,,,,,,uncertainty,Relational plurality,,,How should chosen solitude privacy low-social-intensity lives and non-standard relationships be protected?,,,,Carry explicitly,Do not resolve by assumption or proxy.,,approved_with_cautions,New evidence or affected-community critique materially clarifies the question.,
S2-UNC-008,uncertainty,2,Human Flourishing Model,Measurement without optimisation,Which indicators can inform populations without becoming high-stakes person scores?,Open model question,Stage 2 and downstream,Current evidence and normative reasoning do not settle this.,,Open,,,,,,,,uncertainty,Measurement without optimisation,,,Which indicators can inform populations without becoming high-stakes person scores?,,,,Carry explicitly,Do not resolve by assumption or proxy.,,approved_with_cautions,New evidence or affected-community critique materially clarifies the question.,
S2-RSK-001,risk,2,Human Flourishing Model,Composite-score coercion,A multidimensional model may become a total learner score.,Adversarial risk,All downstream uses,Safeguards reduce but cannot eliminate misuse.,,,,,,,,,,adversarial review,How could the model harm?,,,,critical,Disproportionate risk for marginalised and low-power learners.,A multidimensional model may become a total learner score.,Binding caution,Do not operationalise before later-stage validation.,,approved_with_cautions,Any downstream design exhibits this failure mode.,
S2-RSK-002,risk,2,Human Flourishing Model,Cultural ideal smuggling,Plural language may conceal a Western autonomous-achieving ideal.,Adversarial risk,All downstream uses,Safeguards reduce but cannot eliminate misuse.,,,,,,,,,,adversarial review,How could the model harm?,,,,high,Disproportionate risk for marginalised and low-power learners.,Plural language may conceal a Western autonomous-achieving ideal.,Binding caution,Do not operationalise before later-stage validation.,,approved_with_cautions,Any downstream design exhibits this failure mode.,
S2-RSK-003,risk,2,Human Flourishing Model,Productivity capture,Competence contribution and purpose may become labour-market usefulness.,Adversarial risk,All downstream uses,Safeguards reduce but cannot eliminate misuse.,,,,,,,,,,adversarial review,How could the model harm?,,,,critical,Disproportionate risk for marginalised and low-power learners.,Competence contribution and purpose may become labour-market usefulness.,Binding caution,Do not operationalise before later-stage validation.,,approved_with_cautions,Any downstream design exhibits this failure mode.,
S2-RSK-004,risk,2,Human Flourishing Model,Belonging capture,Institutions may demand loyalty or conformity in the name of connection.,Adversarial risk,All downstream uses,Safeguards reduce but cannot eliminate misuse.,,,,,,,,,,adversarial review,How could the model harm?,,,,high,Disproportionate risk for marginalised and low-power learners.,Institutions may demand loyalty or conformity in the name of connection.,Binding caution,Do not operationalise before later-stage validation.,,approved_with_cautions,Any downstream design exhibits this failure mode.,
S2-RSK-005,risk,2,Human Flourishing Model,Resilience romanticisation,Attention may shift from preventing harm to training endurance.,Adversarial risk,All downstream uses,Safeguards reduce but cannot eliminate misuse.,,,,,,,,,,adversarial review,How could the model harm?,,,,high,Disproportionate risk for marginalised and low-power learners.,Attention may shift from preventing harm to training endurance.,Binding caution,Do not operationalise before later-stage validation.,,approved_with_cautions,Any downstream design exhibits this failure mode.,
S2-RSK-006,risk,2,Human Flourishing Model,Paternalism,Objective protections may override voice and reasonable difference.,Adversarial risk,All downstream uses,Safeguards reduce but cannot eliminate misuse.,,,,,,,,,,adversarial review,How could the model harm?,,,,high,Disproportionate risk for marginalised and low-power learners.,Objective protections may override voice and reasonable difference.,Binding caution,Do not operationalise before later-stage validation.,,approved_with_cautions,Any downstream design exhibits this failure mode.,
S2-DEC-001,decision,2,Human Flourishing Model,Adopt floor-and-freedom thesis,Selected as the clearest integration of evidence pluralism and non-coercion.,Stage decision,Stage 2,,,Normative Decision,,,,,,,,stage governance,,,,,,,,Binding stage interface,Do not reinterpret as empirical finding.,,approved_with_cautions,Formal review requires revision.,
S2-DEC-002,decision,2,Human Flourishing Model,Reject one composite flourishing score,Dimensions may guide reasoning but may not be totalled into person-level worth.,Stage decision,Stage 2,,,Methodological Decision,,,,,,,,stage governance,,,,,,,,Binding stage interface,Do not reinterpret as empirical finding.,,approved_with_cautions,Formal review requires revision.,
S2-DEC-003,decision,2,Human Flourishing Model,Keep curriculum derivation out of Stage 2,Education purpose capabilities subjects pedagogy and assessment remain downstream.,Stage decision,Stage 2,,,Scope Decision,,,,,,,,stage governance,,,,,,,,Binding stage interface,Do not reinterpret as empirical finding.,,approved_with_cautions,Formal review requires revision.,
S2-SRC-044,source,2,Human Flourishing Model,"The three meanings of meaning in life: Distinguishing coherence, purpose, and significance","Conceptual review distinguishes coherence, purpose and significance as separable dimensions in dominant meaning-in-life research.",Meaning taxonomy and construct discipline,Predominantly Western meaning-in-life literature,Conceptual review rather than causal evidence; taxonomy may not transport across cultures or exhaust meaning.,Relational duty spiritual and role-based accounts may organise meaning differently.,,Moderate,Supporting conceptual anchor,"The three meanings of meaning in life: Distinguishing coherence, purpose, and significance","Martela, Frank; Steger, Michael F.",2016,https://doi.org/10.1080/17439760.2015.1137623,Conceptual review,meaning and purpose,How should meaning be differentiated?,,,,,,,Supports taxonomy only,Do not treat the taxonomy as universal exhaustive innate or causal.,,verified_included,,DOI: 10.1080/17439760.2015.1137623
S2-CLM-008,claim,2,Human Flourishing Model,Prosocial contribution has modest heterogeneous associations,Prosocial behaviour and perceived positive impact have modest heterogeneous associations with well-being.,Core model evidence,Population-level reviewed evidence,Effects vary by act recipient motivation culture and measure and much evidence is correlational.,Helping can impose burden fail recipients or be coerced.,Empirical Finding,Moderate,Supporting synthesis,,,,,,normative-empirical synthesis,What may the model empirically claim about contribution?,,,,,,,Stage 2 pass-forward with cautions,Do not infer moral worth beneficial sacrifice voluntariness or usefulness as human worth.,S2-A-SRC-019;S2-A-SRC-021,approved_with_cautions,Stronger causal or cross-cultural evidence materially changes the claim.,
S2-NRM-008,claim,2,Human Flourishing Model,Equal standing,Human worth is not conditional on achievement conformity happiness or usefulness.,Gate traceability and review,Project normative model,Reasonable disagreement remains about the grounding and institutional implications of equal standing.,Hierarchical meritocratic communitarian or perfectionist accounts may ground or qualify standing differently.,Normative Judgement,,,,,,,,traceability and adversarial review,How is the model supported and controlled?,,,,,,,Stage 2 gate,Do not treat this record as new evidence.,S2-NRM-001;S2-NRM-006,approved_with_cautions,Any linked claim or source is materially revised.,
S2-EVD-001,evidence,2,Human Flourishing Model,Multidimensional flourishing evidence,Bounded synthesis of the linked accepted sources; limitations and counterevidence remain in each source and claim row.,Gate traceability and review,Stage 2,,,,,,,,,,,traceability and adversarial review,How is the model supported and controlled?,,,,,,,Stage 2 gate,Do not treat this record as new evidence.,S2-A-SRC-012;S2-A-SRC-013;S2-A-SRC-014;S2-A-SRC-015;S2-A-SRC-016;S2-CLM-001,approved_with_cautions,Any linked claim or source is materially revised.,
S2-EVD-002,evidence,2,Human Flourishing Model,Agency and competence evidence,Bounded synthesis of the linked accepted sources; limitations and counterevidence remain in each source and claim row.,Gate traceability and review,Stage 2,,,,,,,,,,,traceability and adversarial review,How is the model supported and controlled?,,,,,,,Stage 2 gate,Do not treat this record as new evidence.,S2-A-SRC-001;S2-A-SRC-002;S2-A-SRC-003;S2-A-SRC-005;S2-A-SRC-006;S2-A-SRC-007;S2-A-SRC-009;S2-CLM-002;S2-CLM-004,approved_with_cautions,Any linked claim or source is materially revised.,
S2-EVD-003,evidence,2,Human Flourishing Model,Relational evidence,Bounded synthesis of the linked accepted sources; limitations and counterevidence remain in each source and claim row.,Gate traceability and review,Stage 2,,,,,,,,,,,traceability and adversarial review,How is the model supported and controlled?,,,,,,,Stage 2 gate,Do not treat this record as new evidence.,S2-B-SRC-003;S2-B-SRC-004;S2-B-SRC-005;S2-B-SRC-009;S2-B-SRC-010;S2-B-SRC-011;S2-B-SRC-020;S2-CLM-003;S2-CLM-007,approved_with_cautions,Any linked claim or source is materially revised.,
S2-EVD-004,evidence,2,Human Flourishing Model,Meaning and contribution evidence,Bounded synthesis of the linked accepted sources; limitations and counterevidence remain in each source and claim row.,Gate traceability and review,Stage 2,,,,,,,,,,,traceability and adversarial review,How is the model supported and controlled?,,,,,,,Stage 2 gate,Do not treat this record as new evidence.,S2-SRC-044;S2-A-SRC-019;S2-A-SRC-021;S2-A-SRC-022;S2-CLM-005;S2-CLM-008,approved_with_cautions,Any linked claim or source is materially revised.,
S2-EVD-005,evidence,2,Human Flourishing Model,Conditions and pluralism evidence,Bounded synthesis of the linked accepted sources; limitations and counterevidence remain in each source and claim row.,Gate traceability and review,Stage 2,,,,,,,,,,,traceability and adversarial review,How is the model supported and controlled?,,,,,,,Stage 2 gate,Do not treat this record as new evidence.,S2-A-SRC-007;S2-A-SRC-012;S2-A-SRC-013;S2-A-SRC-017;S2-CLM-006,approved_with_cautions,Any linked claim or source is materially revised.,
S2-TRC-001,traceability,2,Human Flourishing Model,Controlled thesis trace,"Maps the report and pass-forward item to reviewed source, evidence, claim and value records.",Gate traceability and review,Stage 2,,,,,,,,,,,traceability and adversarial review,How is the model supported and controlled?,,,,,,,Stage 2 gate,Do not treat this record as new evidence.,S2-CLM-001;S2-CLM-002;S2-CLM-003;S2-CLM-004;S2-CLM-005;S2-CLM-006;S2-CLM-007;S2-CLM-008;S2-NRM-001;S2-NRM-002;S2-NRM-003;S2-NRM-004;S2-NRM-005;S2-NRM-006;S2-NRM-007;S2-NRM-008;S2-NRM-009;S2-ASM-002;S2-ASM-003,approved_with_cautions,Any linked claim or source is materially revised.,
S2-TRC-002,traceability,2,Human Flourishing Model,S2-PF-01 trace,"Maps the report and pass-forward item to reviewed source, evidence, claim and value records.",Gate traceability and review,Stage 2,,,,,,,,,,,traceability and adversarial review,How is the model supported and controlled?,,,,,,,Stage 2 gate,Do not treat this record as new evidence.,S2-CLM-001;S2-EVD-001,approved_with_cautions,Any linked claim or source is materially revised.,
S2-TRC-003,traceability,2,Human Flourishing Model,S2-PF-02 trace,"Maps the report and pass-forward item to reviewed source, evidence, claim and value records.",Gate traceability and review,Stage 2,,,,,,,,,,,traceability and adversarial review,How is the model supported and controlled?,,,,,,,Stage 2 gate,Do not treat this record as new evidence.,S2-CLM-002;S2-EVD-002,approved_with_cautions,Any linked claim or source is materially revised.,
S2-TRC-004,traceability,2,Human Flourishing Model,S2-PF-03 trace,"Maps the report and pass-forward item to reviewed source, evidence, claim and value records.",Gate traceability and review,Stage 2,,,,,,,,,,,traceability and adversarial review,How is the model supported and controlled?,,,,,,,Stage 2 gate,Do not treat this record as new evidence.,S2-CLM-003;S2-EVD-003,approved_with_cautions,Any linked claim or source is materially revised.,
S2-TRC-005,traceability,2,Human Flourishing Model,S2-PF-04 trace,"Maps the report and pass-forward item to reviewed source, evidence, claim and value records.",Gate traceability and review,Stage 2,,,,,,,,,,,traceability and adversarial review,How is the model supported and controlled?,,,,,,,Stage 2 gate,Do not treat this record as new evidence.,S2-CLM-004;S2-EVD-002,approved_with_cautions,Any linked claim or source is materially revised.,
S2-TRC-006,traceability,2,Human Flourishing Model,S2-PF-05 trace,"Maps the report and pass-forward item to reviewed source, evidence, claim and value records.",Gate traceability and review,Stage 2,,,,,,,,,,,traceability and adversarial review,How is the model supported and controlled?,,,,,,,Stage 2 gate,Do not treat this record as new evidence.,S2-CLM-005;S2-SRC-044;S2-EVD-004,approved_with_cautions,Any linked claim or source is materially revised.,
S2-TRC-007,traceability,2,Human Flourishing Model,S2-PF-06 trace,"Maps the report and pass-forward item to reviewed source, evidence, claim and value records.",Gate traceability and review,Stage 2,,,,,,,,,,,traceability and adversarial review,How is the model supported and controlled?,,,,,,,Stage 2 gate,Do not treat this record as new evidence.,S2-CLM-008;S2-EVD-004,approved_with_cautions,Any linked claim or source is materially revised.,
S2-TRC-008,traceability,2,Human Flourishing Model,Working conditions premise trace,"Maps the report and pass-forward item to reviewed source, evidence, claim and value records.",Gate traceability and review,Stage 2,,,,,,,,,,,traceability and adversarial review,How is the model supported and controlled?,,,,,,,Stage 2 gate,Do not treat this record as new evidence.,S2-CLM-006;S2-EVD-005,approved_with_cautions,Any linked claim or source is materially revised.,
S2-TRC-009,traceability,2,Human Flourishing Model,S2-PF-07 trace,"Maps the report and pass-forward item to reviewed source, evidence, claim and value records.",Gate traceability and review,Stage 2,,,,,,,,,,,traceability and adversarial review,How is the model supported and controlled?,,,,,,,Stage 2 gate,Do not treat this record as new evidence.,S2-CLM-007;S2-EVD-003,approved_with_cautions,Any linked claim or source is materially revised.,
S2-CHL-001,challenge,2,Human Flourishing Model,Composite-score coercion,Resolved by prohibiting every individual instrument score threshold diagnostic use and inherited validation pathway.,Gate traceability and review,Stage 2,,,,,,,,,,,traceability and adversarial review,How is the model supported and controlled?,,,,,,,Stage 2 gate,Do not treat this record as new evidence.,S2-RSK-001;S2-NRM-006;S2-DEC-002,resolved_with_cautions,Any linked claim or source is materially revised.,
S2-CHL-002,challenge,2,Human Flourishing Model,Cultural ideal smuggling,Resolved with local construct-equivalence cautions and a thin floor/broad freedom settlement.,Gate traceability and review,Stage 2,,,,,,,,,,,traceability and adversarial review,How is the model supported and controlled?,,,,,,,Stage 2 gate,Do not treat this record as new evidence.,S2-RSK-002;S2-UNC-001;S2-NRM-001,resolved_with_cautions,Any linked claim or source is materially revised.,
S2-CHL-003,challenge,2,Human Flourishing Model,Productivity and contribution capture,Resolved by separating competence contribution status and worth and requiring fair burdens and refusal.,Gate traceability and review,Stage 2,,,,,,,,,,,traceability and adversarial review,How is the model supported and controlled?,,,,,,,Stage 2 gate,Do not treat this record as new evidence.,S2-RSK-003;S2-NRM-002;S2-NRM-004;S2-CLM-008,resolved_with_cautions,Any linked claim or source is materially revised.,
S2-CHL-004,challenge,2,Human Flourishing Model,Belonging and conformity capture,Resolved by recognition-without-domination privacy dissent and exit.,Gate traceability and review,Stage 2,,,,,,,,,,,traceability and adversarial review,How is the model supported and controlled?,,,,,,,Stage 2 gate,Do not treat this record as new evidence.,S2-RSK-004;S2-NRM-003;S2-CLM-003,resolved_with_cautions,Any linked claim or source is materially revised.,
S2-CHL-005,challenge,2,Human Flourishing Model,Resilience romanticisation and paternalism,Resolved as binding cautions; present/future settlement remains explicitly normative.,Gate traceability and review,Stage 2,,,,,,,,,,,traceability and adversarial review,How is the model supported and controlled?,,,,,,,Stage 2 gate,Do not treat this record as new evidence.,S2-RSK-005;S2-RSK-006;S2-NRM-005;S2-NRM-009,resolved_with_cautions,Any linked claim or source is materially revised.,
S2-REV-001,revision_trigger,2,Human Flourishing Model,Measurement misuse trigger,Reopen Stage 2 if this risk appears in downstream reasoning or affected-community review.,Gate traceability and review,Stage 2,,,,,,,,,,,traceability and adversarial review,How is the model supported and controlled?,,,,,,,Stage 2 gate,Do not treat this record as new evidence.,S2-RSK-001;S2-UNC-008,active,Any linked claim or source is materially revised.,
S2-REV-002,revision_trigger,2,Human Flourishing Model,Cultural exclusion trigger,Reopen Stage 2 if this risk appears in downstream reasoning or affected-community review.,Gate traceability and review,Stage 2,,,,,,,,,,,traceability and adversarial review,How is the model supported and controlled?,,,,,,,Stage 2 gate,Do not treat this record as new evidence.,S2-RSK-002;S2-UNC-001,active,Any linked claim or source is materially revised.,
S2-REV-003,revision_trigger,2,Human Flourishing Model,Coercion or hidden burden trigger,Reopen Stage 2 if this risk appears in downstream reasoning or affected-community review.,Gate traceability and review,Stage 2,,,,,,,,,,,traceability and adversarial review,How is the model supported and controlled?,,,,,,,Stage 2 gate,Do not treat this record as new evidence.,S2-RSK-003;S2-RSK-004;S2-UNC-002;S2-UNC-003,active,Any linked claim or source is materially revised.,
